1,Baird,Hanlon,bhanlon0@ustream.tv,Male,180.241.220.236
2,Huntington,Boick,hboick1@jigsy.com,Male,166.81.224.218
3,Marve,Reams,mreams2@usnews.com,Male,66.229.68.207
4,Joline,Deegan,jdeegan3@bing.com,Female,164.53.208.102
5,Park,McOmish,pmcomish4@reference.com,Male,35.82.62.244
6,Brittne,Marns,bmarns5@linkedin.com,Female,248.61.62.77
7,Eal,Tillot,etillot6@weather.com,Male,123.28.101.237
8,Gar,McDonnell,gmcdonnell7@timesonline.co.uk,Male,90.190.44.124
9,Alaine,Vella,avella8@livejournal.com,Female,49.211.201.205
10,Yoshi,Barstowk,ybarstowk9@hao123.com,Female,121.141.243.115
11,Barbara,Romei,bromeia@cornell.edu,Female,124.244.215.181
12,Vincents,McPaike,vmcpaikeb@sbwire.com,Male,197.183.72.156
13,Griffith,Summerskill,gsummerskillc@auda.org.au,Male,197.121.241.159
14,Maje,Dacombe,mdacombed@samsung.com,Male,107.55.163.31
15,Kippy,Wilbore,kwilboree@ft.com,Female,3.0.160.201
16,Paton,Burgher,pburgherf@geocities.com,Male,190.23.254.235
17,Nichols,Buntine,nbuntineg@sitemeter.com,Male,14.122.25.50
18,Mordy,Everleigh,meverleighh@friendfeed.com,Male,89.158.126.168
19,Reinhold,Ilyenko,rilyenkoi@seesaa.net,Male,219.188.162.151
20,Rani,ducarme,rducarmej@shop-pro.jp,Female,226.82.108.136
21,Tamra,Garrity,tgarrityk@yellowbook.com,Female,153.161.223.205
22,Bruce,McQuorkel,bmcquorkell@hud.gov,Male,205.133.50.18
23,Hagan,Andrault,handraultm@globo.com,Male,204.18.157.103
24,Herrick,Stanway,hstanwayn@elegantthemes.com,Male,30.89.113.194
25,Hynda,Burdikin,hburdikino@taobao.com,Female,120.5.131.196
26,Marlee,Sawkin,msawkinp@squidoo.com,Female,3.233.77.12
27,Craggy,Bridson,cbridsonq@mediafire.com,Male,254.210.99.252
28,Orville,Loges,ologesr@umn.edu,Male,103.25.83.106
29,Lanie,Pirdue,lpirdues@de.vu,Female,251.99.185.110
30,Dorine,Baggelley,dbaggelleyt@japanpost.jp,Female,98.95.98.156
31,Thedrick,Stang-Gjertsen,tstanggjertsenu@icio.us,Male,28.107.207.37
32,Keefe,Pfeifer,kpfeiferv@admin.ch,Male,6.116.95.120
33,Warden,Janssens,wjanssensw@bandcamp.com,Male,121.156.112.136
34,Lonnard,McLauchlin,lmclauchlinx@topsy.com,Male,46.81.157.234
35,Gregoire,Heed,gheedy@globo.com,Male,52.205.94.109
36,Fawnia,Downham,fdownhamz@nydailynews.com,Female,64.74.150.164
37,Nicolais,Kincey,nkincey10@ning.com,Male,255.232.37.153
38,Livia,de la Valette Parisot,ldelavaletteparisot11@slate.com,Female,4.94.149.244
39,Midge,Mullane,mmullane12@google.com.br,Female,134.191.64.77
40,Annabella,Retter,aretter13@virginia.edu,Female,4.207.195.132
41,Egbert,Auld,eauld14@sbwire.com,Male,121.21.79.105
42,Elisabeth,Loosely,eloosely15@globo.com,Female,134.172.36.109
43,Lek,Cloute,lcloute16@google.co.jp,Male,229.5.102.218
44,Holly-anne,Newlands,hnewlands17@constantcontact.com,Female,112.222.8.104
45,Aindrea,Beed,abeed18@163.com,Female,83.95.73.253
46,Tamas,Clifton,tclifton19@aol.com,Male,146.143.255.5
47,Cosetta,Cavilla,ccavilla1a@sciencedirect.com,Female,180.67.163.121
48,Stafford,Joderli,sjoderli1b@theatlantic.com,Male,58.217.87.60
49,Kelli,Thaxton,kthaxton1c@123-reg.co.uk,Female,39.207.245.183
50,Rhys,Ehrat,rehrat1d@imageshack.us,Male,193.248.7.235
51,Garland,Whitchurch,gwhitchurch1e@sogou.com,Female,116.238.69.17
52,Malanie,Cowins,mcowins1f@latimes.com,Female,69.253.243.104
53,Wesley,Seeney,wseeney1g@redcross.org,Male,39.223.81.178
54,Ronni,Brenston,rbrenston1h@flavors.me,Female,168.45.35.6
55,Wayne,Bachmann,wbachmann1i@prnewswire.com,Male,206.148.12.26
56,Cassaundra,Sehorsch,csehorsch1j@usnews.com,Female,216.166.30.26
57,Percy,McGlue,pmcglue1k@usa.gov,Male,92.28.123.223
58,Brooke,Wordington,bwordington1l@sfgate.com,Female,7.117.161.159
59,Lorenzo,Benkhe,lbenkhe1m@zdnet.com,Male,74.252.43.153
60,Zackariah,Alejandri,zalejandri1n@chronoengine.com,Male,151.8.84.205
61,Laughton,Woodhead,lwoodhead1o@constantcontact.com,Male,254.22.251.181
62,Basil,Saurat,bsaurat1p@imdb.com,Male,247.149.13.105
63,Tirrell,Marrable,tmarrable1q@yellowpages.com,Male,175.114.58.41
64,Giralda,Potier,gpotier1r@themeforest.net,Female,106.178.93.90
65,Winonah,Lacroutz,wlacroutz1s@dailymail.co.uk,Female,5.21.188.27
66,Gabrila,MacDearmaid,gmacdearmaid1t@acquirethisname.com,Female,93.85.187.14
67,Lammond,Giovanazzi,lgiovanazzi1u@barnesandnoble.com,Male,124.219.158.15
68,Merle,Chinge de Hals,mchingedehals1v@diigo.com,Male,186.246.61.228
69,Nikkie,Bigrigg,nbigrigg1w@bluehost.com,Female,111.41.212.203
70,Hailee,Grinham,hgrinham1x@mapy.cz,Female,25.67.46.217
71,Law,Alltimes,lalltimes1y@utexas.edu,Male,156.60.217.111
72,Zechariah,Danihel,zdanihel1z@abc.net.au,Male,113.107.166.199
73,Papagena,Holton,pholton20@kickstarter.com,Female,141.207.143.82
74,Tanny,Ludee,tludee21@wikipedia.org,Male,22.153.226.26
75,Bertha,Bircher,bbircher22@goo.ne.jp,Female,24.227.251.177
76,Rogerio,Gregan,rgregan23@indiegogo.com,Male,244.3.101.41
77,Maria,Cooke,mcooke24@slashdot.org,Female,235.56.135.18
78,Carlo,McGeoch,cmcgeoch25@vistaprint.com,Male,17.245.106.126
79,Noe,Ironside,nironside26@jugem.jp,Male,221.120.72.186
80,Fabien,Bransgrove,fbransgrove27@chronoengine.com,Male,182.74.78.10
81,Addy,Benardette,abenardette28@prweb.com,Female,198.7.26.7
82,Chere,Noel,cnoel29@issuu.com,Female,179.209.94.46
83,Raff,Dakin,rdakin2a@wikipedia.org,Male,55.26.226.66
84,Nathanil,Soame,nsoame2b@miibeian.gov.cn,Male,167.115.74.192
85,Dusty,Prevett,dprevett2c@huffingtonpost.com,Female,166.240.46.145
86,Herrick,Cafferky,hcafferky2d@squidoo.com,Male,183.30.181.131
87,Staford,Burnep,sburnep2e@godaddy.com,Male,40.47.147.201
88,Woody,Kobierra,wkobierra2f@rediff.com,Male,188.167.23.23
89,Emanuel,Hold,ehold2g@dailymotion.com,Male,212.1.183.188
90,Johnette,Heart,jheart2h@patch.com,Female,68.27.248.59
91,Chip,Woodruffe,cwoodruffe2i@vistaprint.com,Male,114.18.124.63
92,Eimile,Girogetti,egirogetti2j@csmonitor.com,Female,116.214.127.28
93,Carmel,Broseman,cbroseman2k@symantec.com,Female,182.220.166.15
94,Corabel,Sackes,csackes2l@ucla.edu,Female,75.85.129.1
95,Matty,Heading,mheading2m@wsj.com,Female,190.208.27.86
96,Pace,Linsley,plinsley2n@youtube.com,Male,196.139.229.59
97,Jerrilee,Harback,jharback2o@devhub.com,Female,76.123.249.220
98,Maison,Pethick,mpethick2p@who.int,Male,2.11.144.236
99,Mandel,Gilliam,mgilliam2q@freewebs.com,Male,238.34.143.74
100,Cecilius,Stigger,cstigger2r@rakuten.co.jp,Male,183.221.198.82
101,Hazlett,Haythorn,hhaythorn2s@skyrock.com,Male,95.233.93.203
102,Tommie,Jobling,tjobling2t@aboutads.info,Male,158.91.126.100
103,Maurita,Marmyon,mmarmyon2u@omniture.com,Female,65.238.211.35
104,Blane,Wands,bwands2v@mail.ru,Male,123.177.24.166
105,Evie,Stewartson,estewartson2w@mayoclinic.com,Female,9.12.44.151
106,Yorke,Sokale,ysokale2x@opensource.org,Male,219.235.85.99
107,Demetra,Cully,dcully2y@google.com.au,Female,96.243.92.29
108,Lucas,Fontenot,lfontenot2z@technorati.com,Male,25.97.227.243
109,Kaitlin,Rolance,krolance30@indiegogo.com,Female,50.155.224.166
110,Cortie,Bruckner,cbruckner31@wsj.com,Male,8.77.232.159
111,Rosanne,Weadick,rweadick32@seesaa.net,Female,124.148.176.120
112,Libbie,Foston,lfoston33@discuz.net,Female,62.176.73.154
113,Hannah,Pellington,hpellington34@istockphoto.com,Female,201.200.215.173
114,Annora,Garz,agarz35@earthlink.net,Female,6.41.132.196
115,Cynthie,Worshall,cworshall36@census.gov,Female,196.133.186.54
116,Delainey,Crowdace,dcrowdace37@marriott.com,Male,100.133.162.215
117,Zach,Avis,zavis38@sogou.com,Male,51.182.210.219
118,Jerrilyn,Donaghy,jdonaghy39@multiply.com,Female,239.3.219.252
119,Maynard,Snalom,msnalom3a@paginegialle.it,Male,47.169.67.207
120,Stefano,Goskar,sgoskar3b@nationalgeographic.com,Male,236.227.31.119
121,Katuscha,Flute,kflute3c@spiegel.de,Female,217.199.133.154
122,Gwyn,Verrechia,gverrechia3d@tinyurl.com,Female,227.155.30.242
123,Mordy,Shorey,mshorey3e@addthis.com,Male,234.240.252.68
124,Malynda,Petrus,mpetrus3f@wordpress.com,Female,67.122.31.186
125,Conny,Skellern,cskellern3g@un.org,Male,188.148.230.48
126,Dominic,Valerio,dvalerio3h@wikia.com,Male,162.74.140.136
127,Sunny,Lamlin,slamlin3i@nytimes.com,Female,159.227.205.145
128,Carlee,Josephy,cjosephy3j@usda.gov,Female,9.224.175.55
129,Arleta,Berfoot,aberfoot3k@sciencedaily.com,Female,250.37.86.167
130,Basil,Bibb,bbibb3l@last.fm,Male,241.73.143.46
131,D'arcy,Barff,dbarff3m@cisco.com,Male,139.157.176.126
132,Rhetta,Dahlen,rdahlen3n@toplist.cz,Female,66.181.10.125
133,Ermin,Gillet,egillet3o@hc360.com,Male,245.9.71.159
134,Brina,Brawson,bbrawson3p@bloglovin.com,Female,58.56.44.106
135,Corella,Jakubovicz,cjakubovicz3q@youku.com,Female,192.126.121.42
136,Odo,Dockrey,odockrey3r@utexas.edu,Male,102.207.216.111
137,Morris,Oakwood,moakwood3s@home.pl,Male,186.58.135.232
138,Hort,Bollans,hbollans3t@google.com.au,Male,236.150.241.13
139,Amelita,Denys,adenys3u@booking.com,Female,166.185.230.80
140,Chan,Ridgewell,cridgewell3v@amazonaws.com,Male,111.44.27.116
141,Elli,Gadaud,egadaud3w@state.gov,Female,128.129.146.132
142,Pancho,Vaissiere,pvaissiere3x@dailymotion.com,Male,165.78.185.78
143,Roderick,Pyford,rpyford3y@wikispaces.com,Male,210.221.151.102
144,Valentina,Simunek,vsimunek3z@census.gov,Female,68.220.218.192
145,Antonie,Humphris,ahumphris40@etsy.com,Female,210.111.166.110
146,Rabbi,Kestin,rkestin41@bloglovin.com,Male,238.222.127.134
147,Josephina,Teideman,jteideman42@marketwatch.com,Female,26.247.199.101
148,Phillipe,Watling,pwatling43@youtu.be,Male,244.57.215.15
149,Jaimie,Albisser,jalbisser44@t.co,Male,77.156.163.98
150,Rudd,Enrdigo,renrdigo45@dot.gov,Male,193.71.172.199
151,Rayna,Devita,rdevita46@xing.com,Female,209.140.92.44
152,Rosette,Nutbrown,rnutbrown47@cnn.com,Female,82.195.83.136
153,Tansy,Buttfield,tbuttfield48@abc.net.au,Female,168.202.43.105
154,Terry,Winspire,twinspire49@shareasale.com,Female,149.0.185.203
155,Ashlin,Laurenzi,alaurenzi4a@europa.eu,Male,119.3.245.27
156,Thurstan,Warde,twarde4b@ox.ac.uk,Male,242.87.58.71
157,Wendeline,Hartgill,whartgill4c@sun.com,Female,208.72.217.88
158,Melloney,de Mullett,mdemullett4d@cbc.ca,Female,98.136.117.4
159,Fraze,Dumper,fdumper4e@time.com,Male,139.66.245.23
160,Warden,Pudsey,wpudsey4f@wordpress.org,Male,57.119.220.27
161,Byram,Cowdery,bcowdery4g@engadget.com,Male,76.0.225.223
162,Linnie,Wark,lwark4h@mlb.com,Female,208.223.225.38
163,Annabela,Jarret,ajarret4i@admin.ch,Female,164.4.136.220
164,Delcine,Cattell,dcattell4j@opensource.org,Female,105.207.171.4
165,Clevie,Tripney,ctripney4k@amazon.com,Male,29.122.123.11
166,Fraze,Dogg,fdogg4l@mail.ru,Male,210.212.82.225
167,Dag,Foggo,dfoggo4m@biglobe.ne.jp,Male,99.62.121.86
168,Lanny,Giblin,lgiblin4n@amazon.de,Male,83.109.179.101
169,Zechariah,Reggio,zreggio4o@about.me,Male,2.153.245.231
170,Judas,Jarrad,jjarrad4p@skype.com,Male,91.223.151.197
171,Sallyann,Belasco,sbelasco4q@tinyurl.com,Female,81.231.70.82
172,Livvyy,Carragher,lcarragher4r@cyberchimps.com,Female,125.172.104.115
173,Jacquenette,Smaile,jsmaile4s@mozilla.com,Female,84.133.213.251
174,Kali,Goodee,kgoodee4t@yellowpages.com,Female,62.168.185.77
175,Bronnie,Linne,blinne4u@wiley.com,Male,141.238.196.195
176,Vincenz,Goldstraw,vgoldstraw4v@sun.com,Male,112.172.29.27
177,Rachel,McEntee,rmcentee4w@java.com,Female,93.113.143.225
178,Teddi,Butland,tbutland4x@360.cn,Female,237.134.90.192
179,Sean,Guillet,sguillet4y@reference.com,Female,117.23.203.4
180,Nicolais,Seine,nseine4z@slate.com,Male,194.19.62.52
181,Charlene,Jeannet,cjeannet50@amazon.co.jp,Female,31.145.42.8
182,Isidore,McTrustram,imctrustram51@google.de,Male,14.216.112.14
183,Ruddy,Batten,rbatten52@fotki.com,Male,157.91.18.223
184,Brook,Francesc,bfrancesc53@chron.com,Female,232.191.77.174
185,Crawford,Jollye,cjollye54@parallels.com,Male,75.92.213.81
186,Ula,Troak,utroak55@ft.com,Female,231.54.38.18
187,Damian,Madison,dmadison56@independent.co.uk,Male,150.215.248.191
188,Laural,Doncaster,ldoncaster57@weebly.com,Female,106.48.163.182
189,Josh,Di Bartolomeo,jdibartolomeo58@issuu.com,Male,32.178.35.108
190,Elianora,Peebles,epeebles59@icq.com,Female,225.114.185.201
191,Alanson,Stigers,astigers5a@pen.io,Male,149.85.133.237
192,Ichabod,Cominetti,icominetti5b@nymag.com,Male,1.47.8.15
193,Denny,McNern,dmcnern5c@ftc.gov,Female,4.46.246.221
194,Jarad,Dallison,jdallison5d@icq.com,Male,11.12.180.67
195,Hakeem,Lindeberg,hlindeberg5e@unc.edu,Male,213.186.65.138
196,Birch,ducarme,bducarme5f@google.com.br,Male,16.170.14.118
197,Eddi,Brockway,ebrockway5g@tumblr.com,Female,43.229.151.2
198,Ignatius,Wellsman,iwellsman5h@squidoo.com,Male,231.200.140.61
199,Royce,Gollard,rgollard5i@webs.com,Male,240.77.238.225
200,Hunt,Tetla,htetla5j@wikispaces.com,Male,236.100.106.150
201,Consalve,Broadfoot,cbroadfoot5k@sbwire.com,Male,193.72.227.18
202,Grazia,Haldenby,ghaldenby5l@businessinsider.com,Female,252.245.36.32
203,Ollie,Steenson,osteenson5m@qq.com,Male,101.119.115.98
204,Lew,Deamer,ldeamer5n@statcounter.com,Male,251.90.132.56
205,Auria,Leavey,aleavey5o@youtu.be,Female,98.232.158.118
206,Fifine,Trim,ftrim5p@theguardian.com,Female,222.56.130.149
207,Mitchel,Blanc,mblanc5q@lycos.com,Male,11.160.16.237
208,Kaleena,Brogan,kbrogan5r@webmd.com,Female,112.99.158.94
209,Bendicty,Dubery,bdubery5s@about.me,Male,161.194.157.180
210,Adey,Vitler,avitler5t@wiley.com,Female,59.78.227.76
211,Barbe,Hufton,bhufton5u@ucoz.com,Female,94.41.157.66
212,Bonny,Dulake,bdulake5v@unblog.fr,Female,166.66.224.32
213,Ross,Dyball,rdyball5w@wordpress.com,Male,8.155.240.152
214,Leopold,Rude,lrude5x@salon.com,Male,190.54.59.65
215,Carr,Magog,cmagog5y@purevolume.com,Male,74.83.157.137
216,Rafe,De Lascy,rdelascy5z@businessweek.com,Male,249.230.34.133
217,Tamiko,Greenall,tgreenall60@dmoz.org,Female,127.199.31.42
218,Maren,Pattinson,mpattinson61@com.com,Female,225.240.4.140
219,Natassia,Schnieder,nschnieder62@telegraph.co.uk,Female,100.85.221.225
220,Nero,Brum,nbrum63@google.ca,Male,12.76.204.50
221,Waverley,McAlroy,wmcalroy64@sitemeter.com,Male,240.214.35.184
222,Ruperto,Neachell,rneachell65@topsy.com,Male,154.254.45.42
223,Laure,Ker,lker66@ehow.com,Female,62.186.34.201
224,Kerry,Bantham,kbantham67@indiatimes.com,Female,60.105.23.6
225,Katina,Tomkowicz,ktomkowicz68@php.net,Female,241.39.202.195
226,Gwendolyn,Ruffle,gruffle69@trellian.com,Female,145.106.111.161
227,Kerry,Bercevelo,kbercevelo6a@about.me,Male,3.88.193.236
228,Nelson,Traut,ntraut6b@cbc.ca,Male,213.87.159.42
229,Carly,Quartermain,cquartermain6c@nationalgeographic.com,Female,184.251.32.23
230,Banky,Jinda,bjinda6d@mlb.com,Male,238.54.235.137
231,Rutherford,Collard,rcollard6e@xrea.com,Male,214.175.189.186
232,Brinna,Cicutto,bcicutto6f@mapquest.com,Female,90.190.24.179
233,Jeremy,Abbis,jabbis6g@yale.edu,Male,138.21.67.250
234,Carleen,Habbema,chabbema6h@patch.com,Female,77.213.112.125
235,Guglielma,Fishbourn,gfishbourn6i@list-manage.com,Female,133.3.109.108
236,Nelia,Huniwall,nhuniwall6j@who.int,Female,200.242.129.84
237,Scotty,Bleckly,sbleckly6k@senate.gov,Male,235.53.139.47
238,Saundra,D'Ruel,sdruel6l@boston.com,Female,66.209.111.86
239,Ulrick,Beyer,ubeyer6m@ehow.com,Male,95.110.82.136
240,Noble,Garter,ngarter6n@cisco.com,Male,80.81.13.76
241,Skippie,Goldsbrough,sgoldsbrough6o@artisteer.com,Male,60.88.67.156
242,Salomone,Burnep,sburnep6p@google.cn,Male,138.240.233.37
243,Inglebert,Longhorne,ilonghorne6q@google.com.hk,Male,72.6.64.112
244,Burnaby,Snewin,bsnewin6r@cbslocal.com,Male,233.104.198.63
245,Courtenay,Dunk,cdunk6s@icq.com,Female,174.38.203.73
246,Goddart,Krysztowczyk,gkrysztowczyk6t@stumbleupon.com,Male,228.69.206.250
247,Meridel,Gairdner,mgairdner6u@nasa.gov,Female,83.105.61.155
248,Dorena,Mounfield,dmounfield6v@wikispaces.com,Female,2.214.32.249
249,Annecorinne,Gerardi,agerardi6w@oakley.com,Female,207.182.111.81
250,Sergeant,Hazeldine,shazeldine6x@hud.gov,Male,232.113.235.114
251,Dudley,Shakspeare,dshakspeare6y@cisco.com,Male,175.191.143.126
252,Sherry,Rissom,srissom6z@ebay.com,Female,185.118.18.224
253,Powell,Lagde,plagde70@privacy.gov.au,Male,41.244.24.228
254,Clayson,Le Brom,clebrom71@google.cn,Male,62.95.74.68
255,Clywd,Von Helmholtz,cvonhelmholtz72@tripod.com,Male,24.191.125.98
256,Gerri,Dadley,gdadley73@bandcamp.com,Male,67.251.45.72
257,Franny,Hirsch,fhirsch74@washington.edu,Male,215.74.191.67
258,Renee,Tallis,rtallis75@salon.com,Female,82.215.165.90
259,Warren,Pillans,wpillans76@cnet.com,Male,73.34.237.252
260,Silvie,Hawker,shawker77@virginia.edu,Female,14.57.142.17
261,Gerrie,Pietrowicz,gpietrowicz78@nhs.uk,Female,91.54.40.9
262,Spenser,Crimp,scrimp79@surveymonkey.com,Male,164.60.66.154
263,Phylis,Corbitt,pcorbitt7a@cnet.com,Female,16.205.150.143
264,Buiron,Swithenby,bswithenby7b@dmoz.org,Male,42.101.30.226
265,Neill,Oger,noger7c@examiner.com,Male,203.209.40.28
266,Dru,Andrzejczak,dandrzejczak7d@umn.edu,Female,77.69.7.249
267,Milo,Wort,mwort7e@seattletimes.com,Male,130.191.14.255
268,Bunni,Saenz,bsaenz7f@amazonaws.com,Female,28.217.96.99
269,Cece,Emanuele,cemanuele7g@istockphoto.com,Male,105.71.116.123
270,Lilli,Lawton,llawton7h@craigslist.org,Female,254.114.136.35
271,Addy,Pullinger,apullinger7i@umich.edu,Male,14.166.82.37
272,Laurena,Bickerstaffe,lbickerstaffe7j@imageshack.us,Female,232.38.18.183
273,Richard,Nelthorpe,rnelthorpe7k@rediff.com,Male,221.242.181.237
274,Selina,Grabbam,sgrabbam7l@angelfire.com,Female,166.111.137.160
275,Brewer,Wenderott,bwenderott7m@unc.edu,Male,243.154.254.53
276,Virginia,Eaglestone,veaglestone7n@dyndns.org,Female,61.248.55.146
277,Audi,Shimmings,ashimmings7o@uiuc.edu,Female,115.169.71.200
278,Brent,Stellin,bstellin7p@mashable.com,Male,82.21.254.128
279,Edi,MacNeachtain,emacneachtain7q@webmd.com,Female,189.213.118.24
280,Dwight,Tollow,dtollow7r@goo.gl,Male,191.99.239.149
281,Morgun,Machan,mmachan7s@list-manage.com,Male,245.191.74.137
282,Kimmie,Legges,klegges7t@nymag.com,Female,134.162.32.107
283,Birdie,Rawlison,brawlison7u@thetimes.co.uk,Female,101.68.67.190
284,Jodee,Poxton,jpoxton7v@paginegialle.it,Female,246.58.141.115
285,Gallard,Romanin,gromanin7w@ucoz.com,Male,180.143.240.227
286,Goldarina,Levey,glevey7x@amazonaws.com,Female,169.191.196.190
287,Gustav,Heavens,gheavens7y@xing.com,Male,76.71.181.151
288,Ailina,Wiffill,awiffill7z@npr.org,Female,120.72.1.234
289,Monte,Canet,mcanet80@is.gd,Male,249.94.205.51
290,Kelly,Jude,kjude81@constantcontact.com,Male,141.124.211.14
291,Garret,Penhale,gpenhale82@taobao.com,Male,71.44.115.47
292,Leila,Patek,lpatek83@digg.com,Female,123.194.102.178
293,Torrence,Kenwrick,tkenwrick84@mediafire.com,Male,56.228.124.31
294,Clement,Antonchik,cantonchik85@tripadvisor.com,Male,103.128.196.134
295,Emerson,Thurgood,ethurgood86@symantec.com,Male,105.123.164.79
296,Thalia,McClean,tmcclean87@cmu.edu,Female,246.163.114.109
297,Tymothy,Lammertz,tlammertz88@hud.gov,Male,220.175.223.94
298,Olivero,Billanie,obillanie89@boston.com,Male,240.22.62.203
299,Sheelah,Botterell,sbotterell8a@dion.ne.jp,Female,123.117.147.188
300,Carroll,Clery,cclery8b@intel.com,Female,252.144.195.183
301,Rosemaria,Sherman,rsherman8c@cbc.ca,Female,132.182.175.37
302,Alonzo,Nulty,anulty8d@slideshare.net,Male,106.181.255.156
303,Walden,Brixey,wbrixey8e@marketwatch.com,Male,18.100.231.145
304,Victoir,Kubik,vkubik8f@miitbeian.gov.cn,Male,9.90.246.105
305,Quentin,Jirick,qjirick8g@sciencedirect.com,Female,88.109.32.163
306,Farrel,McQuirter,fmcquirter8h@msn.com,Male,135.232.83.110
307,Berte,Splevings,bsplevings8i@theglobeandmail.com,Female,227.213.195.92
308,Major,Goble,mgoble8j@marketwatch.com,Male,2.86.59.78
309,Theresa,Statersfield,tstatersfield8k@sbwire.com,Female,237.173.181.4
310,Ethe,Aldham,ealdham8l@furl.net,Male,21.92.230.246
311,Jose,Philipson,jphilipson8m@arizona.edu,Male,205.8.208.183
312,Rhodia,Bristoe,rbristoe8n@nyu.edu,Female,75.195.192.220
313,Mercie,Surphliss,msurphliss8o@gnu.org,Female,200.127.114.153
314,Leena,Berthot,lberthot8p@macromedia.com,Female,221.40.9.232
315,Jessy,Doucette,jdoucette8q@sciencedirect.com,Female,148.7.253.111
316,Damara,Beining,dbeining8r@usgs.gov,Female,193.151.172.84
317,Farrand,Spacie,fspacie8s@vimeo.com,Female,153.192.16.120
318,Dalli,Greensted,dgreensted8t@abc.net.au,Male,129.158.94.43
319,Nikola,McMenemy,nmcmenemy8u@xinhuanet.com,Male,66.213.126.9
320,Sioux,Damarell,sdamarell8v@senate.gov,Female,177.193.195.191
321,Garland,Ferens,gferens8w@free.fr,Female,234.73.59.120
322,Vale,Coulman,vcoulman8x@slashdot.org,Female,144.195.133.54
323,Julietta,Huxton,jhuxton8y@cargocollective.com,Female,203.41.73.85
324,Rudiger,Cogle,rcogle8z@yahoo.co.jp,Male,45.142.126.22
325,Helaine,Gullyes,hgullyes90@printfriendly.com,Female,63.126.192.120
326,Maurita,Walhedd,mwalhedd91@ask.com,Female,237.219.93.108
327,Jami,Yesson,jyesson92@fc2.com,Female,83.207.146.58
328,Katya,Lamps,klamps93@unesco.org,Female,245.162.107.54
329,Mollie,Lackeye,mlackeye94@spiegel.de,Female,153.29.27.77
330,Karlotta,Macallam,kmacallam95@i2i.jp,Female,113.135.77.165
331,Bald,Burhill,bburhill96@wordpress.org,Male,255.97.145.165
332,Zane,Tremoulet,ztremoulet97@constantcontact.com,Male,83.235.144.98
333,Brocky,Crusham,bcrusham98@rediff.com,Male,109.176.204.47
334,Merrily,Boyington,mboyington99@51.la,Female,76.85.126.30
335,Melinde,Beckles,mbeckles9a@utexas.edu,Female,19.162.232.54
336,Gaven,Josey,gjosey9b@cocolog-nifty.com,Male,119.147.36.214
337,Ester,Blakiston,eblakiston9c@hao123.com,Female,160.50.78.53
338,Celene,Akhurst,cakhurst9d@usda.gov,Female,27.167.107.178
339,Ches,Semken,csemken9e@cmu.edu,Male,166.88.209.124
340,Wileen,Lyokhin,wlyokhin9f@cloudflare.com,Female,4.243.118.43
341,Orelia,Cardew,ocardew9g@blogger.com,Female,251.184.238.107
342,Abbott,Bleddon,ableddon9h@google.de,Male,131.65.66.199
343,Gratia,Batchelder,gbatchelder9i@toplist.cz,Female,226.1.255.69
344,Carlin,Sherrin,csherrin9j@wikispaces.com,Female,229.169.132.107
345,Maxi,Umpleby,mumpleby9k@w3.org,Female,168.98.226.153
346,Marianna,Maccaig,mmaccaig9l@mysql.com,Female,0.92.172.4
347,Osbourn,Akrigg,oakrigg9m@topsy.com,Male,28.23.98.224
348,Berne,Wallbridge,bwallbridge9n@stumbleupon.com,Male,173.151.202.141
349,Melamie,Hlavac,mhlavac9o@unblog.fr,Female,91.28.0.204
350,Deny,Izat,dizat9p@blog.com,Female,141.22.185.7
351,Marlane,Tinghill,mtinghill9q@google.es,Female,144.21.157.188
352,Fern,Brimley,fbrimley9r@eventbrite.com,Female,208.52.19.191
353,Clevey,Goodwin,cgoodwin9s@europa.eu,Male,224.171.10.26
354,Kris,Rillatt,krillatt9t@1688.com,Female,81.189.134.235
355,Dane,Beak,dbeak9u@photobucket.com,Male,243.23.234.68
356,Sherrie,Pach,spach9v@istockphoto.com,Female,146.47.221.241
357,Kira,Atheis,katheis9w@people.com.cn,Female,181.28.145.216
358,Melonie,O'Luney,moluney9x@wufoo.com,Female,133.137.241.245
359,Marthena,Toppin,mtoppin9y@photobucket.com,Female,97.3.18.130
360,Deirdre,Broggio,dbroggio9z@trellian.com,Female,216.246.48.75
361,Granny,Tallyn,gtallyna0@angelfire.com,Male,205.85.69.48
362,Hamilton,Cullrford,hcullrforda1@buzzfeed.com,Male,157.179.93.229
363,Manuel,Gostick,mgosticka2@unblog.fr,Male,190.86.61.54
364,Cletis,Coke,ccokea3@nymag.com,Male,52.132.37.241
365,Allissa,Zanetello,azanetelloa4@addthis.com,Female,143.129.247.232
366,Jayson,Hallwood,jhallwooda5@sina.com.cn,Male,104.212.254.252
367,Humbert,Penner,hpennera6@cargocollective.com,Male,238.27.36.132
368,Annetta,Howlett,ahowletta7@rakuten.co.jp,Female,187.217.145.82
369,Jillana,Cottle,jcottlea8@deviantart.com,Female,76.172.142.236
370,Greg,Domesday,gdomesdaya9@indiatimes.com,Male,235.187.12.43
371,Reggie,Merrilees,rmerrileesaa@mediafire.com,Male,69.53.117.180
372,Niko,Bladesmith,nbladesmithab@last.fm,Male,121.214.164.38
373,Gayle,Niemetz,gniemetzac@a8.net,Female,149.94.34.143
374,Ayn,Rahl,arahlad@livejournal.com,Female,0.200.86.2
375,Ingaberg,Poller,ipollerae@blogger.com,Female,47.251.44.227
376,Oren,McFeate,omcfeateaf@newsvine.com,Male,190.104.56.25
377,Darice,Matt,dmattag@wikipedia.org,Female,30.100.108.92
378,Melany,Stidston,mstidstonah@wp.com,Female,8.253.171.18
379,Hesther,Keig,hkeigai@pcworld.com,Female,3.39.71.32
380,Angel,Craker,acrakeraj@so-net.ne.jp,Female,173.210.108.129
381,Berte,Shippard,bshippardak@ucsd.edu,Female,230.241.251.49
382,Tanney,Biggerdike,tbiggerdikeal@nyu.edu,Male,84.221.197.159
383,Micheline,Dulanty,mdulantyam@usa.gov,Female,73.91.19.188
384,Tobey,Althrop,talthropan@biblegateway.com,Female,72.50.247.39
385,Buddy,Deppe,bdeppeao@behance.net,Male,237.122.94.246
386,Vail,Bage,vbageap@cargocollective.com,Male,185.139.100.213
387,Adelaide,Burgh,aburghaq@slate.com,Female,160.91.160.24
388,Maud,Ommanney,mommanneyar@free.fr,Female,2.229.205.64
389,Carl,Boniface,cbonifaceas@mozilla.com,Male,49.88.56.15
390,Adan,Ruck,aruckat@microsoft.com,Female,231.247.63.129
391,Annabal,Pullman,apullmanau@alibaba.com,Female,245.141.88.126
392,Tessa,Lorain,tlorainav@tiny.cc,Female,153.123.10.104
393,Mara,Worboys,mworboysaw@hao123.com,Female,28.67.69.125
394,Ezequiel,Spelwood,espelwoodax@jimdo.com,Male,109.191.249.174
395,Brandon,Heatley,bheatleyay@examiner.com,Male,147.124.67.188
396,Carina,Scarisbrick,cscarisbrickaz@china.com.cn,Female,180.196.211.102
397,Levon,Drakeley,ldrakeleyb0@fotki.com,Male,116.40.121.143
398,Karoline,Chaulk,kchaulkb1@tamu.edu,Female,120.183.122.34
399,Dianna,O'Shiels,doshielsb2@phoca.cz,Female,78.47.132.118
400,Adeline,Barrowcliffe,abarrowcliffeb3@furl.net,Female,6.132.200.18
401,Farris,Fealty,ffealtyb4@unc.edu,Male,95.94.245.233
402,Ambrosi,Hickinbottom,ahickinbottomb5@webnode.com,Male,192.167.121.74
403,Kathryne,Breche,kbrecheb6@google.fr,Female,91.131.166.200
404,Selby,Bousler,sbouslerb7@newyorker.com,Male,104.24.35.200
405,Abba,Gossop,agossopb8@nationalgeographic.com,Male,246.224.195.127
406,Fran,Caroline,fcarolineb9@4shared.com,Female,185.203.187.87
407,Elane,Muttock,emuttockba@behance.net,Female,35.140.186.148
408,Brion,Sterry,bsterrybb@weather.com,Male,126.84.215.22
409,Sabra,Gregine,sgreginebc@google.fr,Female,109.76.144.201
410,Benjie,Matteoli,bmatteolibd@icq.com,Male,236.97.151.33
411,Luther,Durrand,ldurrandbe@yelp.com,Male,113.235.28.17
412,Ginelle,Kalinke,gkalinkebf@i2i.jp,Female,241.242.231.61
413,Bradley,Melross,bmelrossbg@google.co.uk,Male,23.196.120.100
414,Mallory,Canizares,mcanizaresbh@360.cn,Male,239.38.127.210
415,Chaddie,Joel,cjoelbi@yellowpages.com,Male,178.86.113.92
416,Filberte,O'Dogherty,fodoghertybj@bluehost.com,Male,202.158.176.137
417,Hanan,Atteridge,hatteridgebk@dion.ne.jp,Male,107.162.84.175
418,Moss,Hadingham,mhadinghambl@hhs.gov,Male,239.233.102.171
419,Vance,Sleath,vsleathbm@cpanel.net,Male,124.138.166.60
420,Skipp,Beeck,sbeeckbn@1688.com,Male,100.243.178.16
421,Sherie,Volet,svoletbo@cbsnews.com,Female,26.219.63.86
422,Sayers,Laneham,slanehambp@woothemes.com,Male,234.91.177.251
423,Grannie,Durran,gdurranbq@w3.org,Male,167.124.120.112
424,Orland,Howse,ohowsebr@jigsy.com,Male,4.240.228.114
425,Melony,Kliemke,mkliemkebs@nyu.edu,Female,244.0.5.11
426,Letizia,Hobbert,lhobbertbt@umich.edu,Female,224.108.239.103
427,Ingrid,Binfield,ibinfieldbu@live.com,Female,126.250.18.136
428,Kirby,Syred,ksyredbv@list-manage.com,Male,199.252.135.85
429,Jaquith,Arnauduc,jarnauducbw@ocn.ne.jp,Female,8.196.135.92
430,Batsheva,Winchcum,bwinchcumbx@cornell.edu,Female,63.114.103.29
431,Daryn,Kislingbury,dkislingburyby@ca.gov,Female,34.232.13.204
432,Rolph,Tomet,rtometbz@chronoengine.com,Male,182.27.44.104
433,Martica,Swyer,mswyerc0@dion.ne.jp,Female,74.152.232.204
434,Thaddus,Hanssmann,thanssmannc1@google.com.br,Male,211.111.220.167
435,Shaylah,Morphet,smorphetc2@devhub.com,Female,152.102.52.105
436,Huey,McCurry,hmccurryc3@jimdo.com,Male,87.39.39.202
437,Lorelei,Quibell,lquibellc4@sphinn.com,Female,43.141.90.253
438,Jobey,Le Brun,jlebrunc5@irs.gov,Female,122.218.191.255
439,Lindsay,Decayette,ldecayettec6@icio.us,Male,241.24.39.32
440,Willow,Klimshuk,wklimshukc7@shinystat.com,Female,188.225.34.244
441,Brok,Tetford,btetfordc8@amazon.co.uk,Male,212.94.196.130
442,Marcile,Founds,mfoundsc9@myspace.com,Female,207.8.145.198
443,Saul,Possa,spossaca@usa.gov,Male,82.233.66.17
444,Orv,Addenbrooke,oaddenbrookecb@paypal.com,Male,90.41.12.191
445,Carie,Salt,csaltcc@va.gov,Female,111.32.181.82
446,Tibold,Alabastar,talabastarcd@usnews.com,Male,231.171.224.255
447,Alfi,Southam,asouthamce@i2i.jp,Female,105.155.181.26
448,Allianora,Kidwell,akidwellcf@desdev.cn,Female,137.6.74.3
449,Tracee,Warder,twardercg@yahoo.co.jp,Female,115.148.79.84
450,Del,Di Pietro,ddipietroch@pcworld.com,Female,243.181.137.2
451,Ellie,Hughson,ehughsonci@biblegateway.com,Female,163.21.207.219
452,Son,Mell,smellcj@home.pl,Male,145.226.57.52
453,Zorina,Laroux,zlarouxck@hubpages.com,Female,44.248.236.47
454,Winny,Geraudel,wgeraudelcl@networkadvertising.org,Female,199.24.146.0
455,Janine,Whitsun,jwhitsuncm@fc2.com,Female,178.6.29.130
456,Russ,Toretta,rtorettacn@ezinearticles.com,Male,129.233.157.59
457,Ingrid,Gerbl,igerblco@businessweek.com,Female,56.77.48.3
458,Melissa,Eastope,meastopecp@oracle.com,Female,209.114.204.67
459,Humbert,Shay,hshaycq@bloglines.com,Male,121.62.250.28
460,Karel,Grummitt,kgrummittcr@oaic.gov.au,Female,189.99.39.79
461,Natalya,Pickring,npickringcs@mapquest.com,Female,35.68.244.116
462,Suzanne,Leakner,sleaknerct@sourceforge.net,Female,212.187.182.159
463,Konstantine,Quarles,kquarlescu@whitehouse.gov,Male,112.12.106.134
464,Della,Gifford,dgiffordcv@woothemes.com,Female,213.254.32.112
465,Natale,Dymidowski,ndymidowskicw@cpanel.net,Male,180.159.67.80
466,Steffie,Gilbody,sgilbodycx@microsoft.com,Female,42.179.159.206
467,Maxy,Ellingworth,mellingworthcy@prlog.org,Female,42.116.95.5
468,Swen,Ambrose,sambrosecz@reddit.com,Male,248.243.208.219
469,Iolande,Leate,ileated0@gizmodo.com,Female,205.225.22.36
470,Emmit,Kimmitt,ekimmittd1@oakley.com,Male,1.104.94.168
471,Candy,Coathup,ccoathupd2@newyorker.com,Female,56.200.44.118
472,Ivette,Whall,iwhalld3@theglobeandmail.com,Female,225.83.150.169
473,Wells,Mughal,wmughald4@discovery.com,Male,118.244.111.189
474,Gertruda,Scarf,gscarfd5@census.gov,Female,85.32.236.238
475,Randolph,Keher,rkeherd6@columbia.edu,Male,223.50.105.145
476,Yves,Merrikin,ymerrikind7@ted.com,Male,255.171.11.200
477,Kennedy,Dust,kdustd8@noaa.gov,Male,46.120.115.106
478,Letizia,Kase,lkased9@globo.com,Female,134.151.224.128
479,Clementia,Humbles,chumblesda@parallels.com,Female,6.164.85.67
480,Spike,Le Grys,slegrysdb@smh.com.au,Male,24.178.188.198
481,Bret,Jamary,bjamarydc@miibeian.gov.cn,Male,93.5.177.222
482,Geralda,Haslen,ghaslendd@wordpress.com,Female,218.252.84.49
483,Guillermo,Purchase,gpurchasede@imgur.com,Male,174.23.54.79
484,Gordon,Fludgate,gfludgatedf@vistaprint.com,Male,80.189.133.190
485,Jodi,Strowan,jstrowandg@examiner.com,Female,74.135.20.42
486,Britni,Munnis,bmunnisdh@digg.com,Female,25.27.0.192
487,Lesley,Shakesby,lshakesbydi@webnode.com,Female,21.154.146.236
488,Catina,Simoncini,csimoncinidj@bloomberg.com,Female,202.220.50.106
489,Cooper,Herreros,cherrerosdk@cnn.com,Male,212.54.46.169
490,Rochella,Warboys,rwarboysdl@mail.ru,Female,5.56.218.46
491,Halley,Wein,hweindm@gmpg.org,Female,23.254.109.125
492,Valerie,La Torre,vlatorredn@t-online.de,Female,5.70.173.201
493,Heida,Powley,hpowleydo@php.net,Female,175.166.121.140
494,Aubry,Bulward,abulwarddp@ask.com,Female,95.80.184.225
495,Mal,Hosier,mhosierdq@fotki.com,Male,43.7.122.198
496,Petronilla,Arnaez,parnaezdr@ning.com,Female,44.213.204.46
497,Alexine,Ibbitt,aibbittds@java.com,Female,43.163.60.22
498,Diane-marie,Petschelt,dpetscheltdt@telegraph.co.uk,Female,57.170.110.241
499,Irwin,Apark,iaparkdu@adobe.com,Male,218.111.104.228
500,Oliy,Heaviside,oheavisidedv@weibo.com,Female,237.112.116.113
501,Bonita,Krollman,bkrollmandw@dell.com,Female,221.20.233.49
502,April,Amberger,aambergerdx@salon.com,Female,160.110.59.102
503,Jessalyn,Whorton,jwhortondy@smh.com.au,Female,115.187.148.226
504,Whittaker,Middell,wmiddelldz@digg.com,Male,119.201.116.168
505,Tucker,Iveson,tivesone0@accuweather.com,Male,179.47.190.57
506,Rab,Pittwood,rpittwoode1@cdbaby.com,Male,204.214.238.208
507,Aylmar,Izaac,aizaace2@icio.us,Male,211.236.87.41
508,Candide,Creer,ccreere3@craigslist.org,Female,157.92.4.7
509,Sallee,Blackeby,sblackebye4@cloudflare.com,Female,243.84.184.93
510,Hillary,Penquet,hpenquete5@java.com,Female,170.226.38.164
511,Fredrick,Calyton,fcalytone6@godaddy.com,Male,56.212.154.247
512,Tristam,Treweek,ttreweeke7@mozilla.com,Male,7.85.85.222
513,Janenna,Breslau,jbreslaue8@bloomberg.com,Female,27.69.53.235
514,Hardy,Ryves,hryvese9@paypal.com,Male,11.180.139.106
515,Kathryne,Birtonshaw,kbirtonshawea@howstuffworks.com,Female,93.149.179.203
516,Jeffie,Herculson,jherculsoneb@fema.gov,Male,200.243.178.56
517,Fee,Illingsworth,fillingsworthec@nba.com,Male,63.104.182.165
518,Ruprecht,Larcombe,rlarcombeed@goo.gl,Male,22.31.78.169
519,Mathew,Beggan,mbegganee@nhs.uk,Male,243.130.88.151
520,Alasdair,Beaney,abeaneyef@imdb.com,Male,137.136.62.30
521,Maryjane,Elwell,melwelleg@webnode.com,Female,0.49.207.98
522,Gerianna,Normanville,gnormanvilleeh@intel.com,Female,117.167.56.135
523,Adele,Pfeffle,apfeffleei@dyndns.org,Female,1.169.216.159
524,Felic,Cromley,fcromleyej@ovh.net,Male,223.238.57.213
525,Shepperd,Scanlan,sscanlanek@about.me,Male,51.5.75.113
526,Cally,Scedall,cscedallel@jugem.jp,Female,148.238.242.211
527,Annadiane,Haygreen,ahaygreenem@bluehost.com,Female,35.60.222.184
528,Miles,O'Leagham,moleaghamen@wikia.com,Male,248.183.201.185
529,Ferdie,Rumble,frumbleeo@cmu.edu,Male,137.150.21.99
530,Miranda,Brownell,mbrownellep@sogou.com,Female,246.215.81.170
531,Collin,Gimbrett,cgimbretteq@jigsy.com,Male,130.135.105.245
532,Nicko,Caldicott,ncaldicotter@businesswire.com,Male,194.113.231.133
533,Blondie,Harkin,bharkines@360.cn,Female,102.220.32.144
534,Jesselyn,Crush,jcrushet@gizmodo.com,Female,205.65.100.66
535,Shawna,Hurdman,shurdmaneu@yolasite.com,Female,131.41.223.118
536,Philippe,Bohler,pbohlerev@narod.ru,Female,70.57.146.228
537,Wilfred,Bugg,wbuggew@a8.net,Male,130.12.127.178
538,Bud,Grene,bgreneex@omniture.com,Male,101.233.169.116
539,Baird,Kalf,bkalfey@unblog.fr,Male,59.38.183.15
540,Domingo,Battams,dbattamsez@smh.com.au,Male,139.103.162.231
541,Nell,Kelleway,nkellewayf0@constantcontact.com,Female,20.24.71.1
542,Feliza,Blenkin,fblenkinf1@engadget.com,Female,233.199.153.240
543,Emmy,Totterdell,etotterdellf2@jiathis.com,Female,40.229.105.86
544,Clyve,Sidon,csidonf3@paypal.com,Male,149.104.98.166
545,Kalle,Conaghan,kconaghanf4@ucsd.edu,Male,34.49.9.17
546,Waldemar,Cleve,wclevef5@mtv.com,Male,101.252.201.73
547,Dael,MacGille,dmacgillef6@dell.com,Female,78.96.138.18
548,Aldon,Witchard,awitchardf7@ow.ly,Male,246.91.163.59
549,Elfreda,Elvidge,eelvidgef8@dion.ne.jp,Female,230.51.211.235
550,Karoline,Caswall,kcaswallf9@infoseek.co.jp,Female,182.248.152.202
551,Petronilla,Cushelly,pcushellyfa@ehow.com,Female,203.149.58.111
552,Bernie,Winterborne,bwinterbornefb@ucla.edu,Male,20.248.183.71
553,Minnaminnie,Hutfield,mhutfieldfc@time.com,Female,92.85.33.108
554,Beverley,Dorie,bdoriefd@yolasite.com,Female,111.68.20.214
555,Thomasin,Venus,tvenusfe@vistaprint.com,Female,109.184.90.62
556,Jack,Gyver,jgyverff@liveinternet.ru,Male,90.39.88.137
557,Franciskus,Kopf,fkopffg@scribd.com,Male,21.166.77.254
558,Sydney,Sherborne,ssherbornefh@typepad.com,Male,204.233.29.140
559,Naomi,Rafe,nrafefi@over-blog.com,Female,107.223.118.59
560,Olivia,Charter,ocharterfj@microsoft.com,Female,169.97.158.73
561,Ricard,Bruntje,rbruntjefk@163.com,Male,111.254.67.100
562,Andrey,Deverille,adeverillefl@stanford.edu,Male,181.159.252.29
563,Blanca,Remmers,bremmersfm@so-net.ne.jp,Female,159.161.69.251
564,Shandeigh,Cowgill,scowgillfn@ca.gov,Female,99.86.172.83
565,Rutger,Baiyle,rbaiylefo@google.com,Male,138.225.64.163
566,Tiena,Huge,thugefp@hud.gov,Female,116.196.36.201
567,Fredra,Mace,fmacefq@devhub.com,Female,69.128.157.239
568,Mattie,Antonovic,mantonovicfr@reuters.com,Male,102.233.203.174
569,Oliver,Manis,omanisfs@webs.com,Male,124.1.91.50
570,Barbie,Burdikin,bburdikinft@senate.gov,Female,214.216.244.153
571,Morgun,Estcot,mestcotfu@hc360.com,Male,11.237.141.41
572,Gunter,Carey,gcareyfv@ebay.com,Male,216.113.63.188
573,Geoffrey,Royl,groylfw@dyndns.org,Male,252.141.199.232
574,Mommy,Fevers,mfeversfx@wikimedia.org,Female,166.55.152.253
575,Boniface,Gibbett,bgibbettfy@zdnet.com,Male,65.3.176.87
576,Hedi,Bubbings,hbubbingsfz@typepad.com,Female,127.125.222.174
577,Julio,Maddock,jmaddockg0@whitehouse.gov,Male,170.166.137.250
578,Clyve,Tipton,ctiptong1@wikia.com,Male,160.173.67.215
579,Andria,Gouldsmith,agouldsmithg2@google.es,Female,20.149.34.175
580,Helli,Balsom,hbalsomg3@amazon.co.jp,Female,129.41.72.124
581,Jonah,Ramsbottom,jramsbottomg4@facebook.com,Male,115.4.113.138
582,Aubert,Rowen,aroweng5@bloglovin.com,Male,29.145.177.37
583,Brigit,Cunningham,bcunninghamg6@squidoo.com,Female,97.143.138.209
584,Zonnya,Buey,zbueyg7@phoca.cz,Female,253.4.212.244
585,Lexis,Tickle,ltickleg8@phoca.cz,Female,155.59.40.157
586,Donaugh,Buckle,dbuckleg9@over-blog.com,Male,117.230.36.222
587,Owen,Corry,ocorryga@epa.gov,Male,68.222.197.164
588,Rita,Sumpner,rsumpnergb@youtube.com,Female,75.82.59.179
589,Koressa,Antonognoli,kantonognoligc@bandcamp.com,Female,216.18.245.132
590,Park,Jiruch,pjiruchgd@blogs.com,Male,115.51.200.14
591,Rene,Dikle,rdiklege@ftc.gov,Male,170.145.47.157
592,Jesse,Rushmere,jrushmeregf@usda.gov,Female,175.201.232.146
593,Winonah,Iannazzi,wiannazzigg@timesonline.co.uk,Female,242.213.235.170
594,Markos,Geindre,mgeindregh@hugedomains.com,Male,126.183.169.37
595,Ogdan,Guierre,oguierregi@mozilla.org,Male,155.126.32.76
596,Mariel,Barry,mbarrygj@skyrock.com,Female,58.37.227.199
597,Regan,Corbyn,rcorbyngk@washingtonpost.com,Male,87.42.98.209
598,Pinchas,Kindleside,pkindlesidegl@furl.net,Male,148.131.179.187
599,Avril,Condon,acondongm@archive.org,Female,22.95.171.203
600,Sena,Coleshill,scoleshillgn@reuters.com,Female,224.175.63.75
601,Ardelia,Brunetti,abrunettigo@upenn.edu,Female,53.33.123.92
602,Tallia,Swigger,tswiggergp@umich.edu,Female,83.230.146.14
603,Richardo,Chedzoy,rchedzoygq@cbslocal.com,Male,201.168.189.190
604,Carie,Phillps,cphillpsgr@unesco.org,Female,124.230.37.93
605,Shaylyn,Gillicuddy,sgillicuddygs@google.ru,Female,94.124.26.151
606,Reba,Yurocjkin,ryurocjkingt@smh.com.au,Female,199.182.53.237
607,Jeanette,Stickley,jstickleygu@scribd.com,Female,108.210.224.33
608,Lanna,Abramovitz,labramovitzgv@desdev.cn,Female,129.207.8.210
609,Crin,Caulkett,ccaulkettgw@netvibes.com,Female,93.39.173.190
610,Cornell,Holdall,choldallgx@symantec.com,Male,139.169.223.158
611,Paten,Pendlington,ppendlingtongy@ustream.tv,Male,140.133.159.234
612,Ansel,Perrett,aperrettgz@cargocollective.com,Male,62.160.227.203
613,Ruthi,Breagan,rbreaganh0@livejournal.com,Female,3.149.183.32
614,Shandy,Pyrton,spyrtonh1@google.com.au,Female,43.66.232.123
615,Mable,Shorthouse,mshorthouseh2@163.com,Female,143.209.95.242
616,Uriel,Eake,ueakeh3@globo.com,Male,248.71.68.206
617,Gordan,Walles,gwallesh4@istockphoto.com,Male,75.244.163.128
618,Gertie,Darley,gdarleyh5@lycos.com,Female,142.152.128.5
619,Kellia,Errey,kerreyh6@vinaora.com,Female,242.103.76.32
620,Breena,Willey,bwilleyh7@diigo.com,Female,57.190.25.39
621,Laure,Greenacre,lgreenacreh8@wiley.com,Female,39.216.20.187
622,Tanney,Learned,tlearnedh9@mtv.com,Male,163.181.142.221
623,Udell,O'Dyvoie,uodyvoieha@eventbrite.com,Male,37.72.51.246
624,Shina,Forde,sfordehb@yandex.ru,Female,62.12.126.217
625,Yvon,Andries,yandrieshc@ycombinator.com,Male,81.182.116.81
626,Nils,Scrinage,nscrinagehd@sogou.com,Male,192.14.200.33
627,Ilyse,Fortnon,ifortnonhe@chron.com,Female,122.87.75.45
628,Lena,Barstock,lbarstockhf@rakuten.co.jp,Female,115.27.244.183
629,Zonda,Ocklin,zocklinhg@utexas.edu,Female,160.154.254.44
630,Zitella,Gossling,zgosslinghh@domainmarket.com,Female,174.160.72.184
631,Clarke,Peagrim,cpeagrimhi@wikipedia.org,Male,241.13.16.60
632,Anthony,Vasilyonok,avasilyonokhj@homestead.com,Male,83.252.244.4
633,Torrance,Aimson,taimsonhk@diigo.com,Male,238.10.167.216
634,Barbra,Biddell,bbiddellhl@ow.ly,Female,17.144.129.120
635,Wynn,Pennacci,wpennaccihm@merriam-webster.com,Male,249.31.50.27
636,Kennedy,Kemish,kkemishhn@miitbeian.gov.cn,Male,32.35.12.86
637,Fidela,Dewis,fdewisho@cnbc.com,Female,16.194.16.185
638,Dallon,Beldham,dbeldhamhp@comcast.net,Male,46.60.225.23
639,Moe,Olivie,moliviehq@ovh.net,Male,65.96.18.6
640,Geraldine,Wreight,gwreighthr@webeden.co.uk,Female,229.177.217.131
641,Kaitlin,Asplin,kasplinhs@blogtalkradio.com,Female,175.32.159.10
642,Alfons,MacCosty,amaccostyht@moonfruit.com,Male,148.159.238.139
643,Vyky,Tallman,vtallmanhu@amazon.co.jp,Female,232.6.197.109
644,Antony,McArdle,amcardlehv@domainmarket.com,Male,74.5.57.124
645,Gwenette,Wheadon,gwheadonhw@google.com.br,Female,56.157.149.184
646,Elke,Tumpane,etumpanehx@netlog.com,Female,234.176.89.51
647,Mikey,Regitz,mregitzhy@sciencedaily.com,Male,254.212.51.80
648,Catie,Summersett,csummersetthz@qq.com,Female,168.136.53.247
649,Benedict,Ville,bvillei0@purevolume.com,Male,177.160.138.114
650,Catlin,Aubri,caubrii1@digg.com,Female,167.160.222.244
651,Osborne,Stovell,ostovelli2@plala.or.jp,Male,57.220.138.240
652,Giana,Clubbe,gclubbei3@mayoclinic.com,Female,203.87.222.162
653,Dallon,Ricciardello,dricciardelloi4@ft.com,Male,227.75.174.187
654,Siward,Trehearn,strehearni5@t.co,Male,163.101.161.74
655,Fabe,Sprague,fspraguei6@cam.ac.uk,Male,169.179.199.145
656,Lorry,Tessier,ltessieri7@plala.or.jp,Female,194.80.184.8
657,Risa,Shropshire,rshropshirei8@harvard.edu,Female,84.26.152.3
658,Billy,Parmiter,bparmiteri9@yandex.ru,Male,61.97.111.155
659,Reube,Canty,rcantyia@desdev.cn,Male,31.66.170.203
660,Harvey,O'Hederscoll,hohederscollib@xrea.com,Male,141.229.32.17
661,Tine,Crew,tcrewic@chron.com,Female,87.57.229.98
662,Ailis,Stutely,astutelyid@fc2.com,Female,55.127.84.219
663,Oliy,Degan,odeganie@nymag.com,Female,134.24.246.126
664,Sherri,Tousey,stouseyif@miibeian.gov.cn,Female,220.180.91.186
665,Karoline,Ivkovic,kivkovicig@wikispaces.com,Female,64.220.112.129
666,Dionisio,Jacox,djacoxih@seesaa.net,Male,168.57.194.69
667,Ron,Burle,rburleii@virginia.edu,Male,232.101.149.198
668,Inglebert,Ribou,iribouij@hibu.com,Male,174.205.118.226
669,Kaine,Gehricke,kgehrickeik@fastcompany.com,Male,47.68.161.187
670,Archie,Jellis,ajellisil@mac.com,Male,211.16.16.184
671,Grange,Challener,gchallenerim@elpais.com,Male,183.99.1.230
672,Gavan,Lutty,gluttyin@seattletimes.com,Male,45.220.114.141
673,Mollee,Hedingham,mhedinghamio@1und1.de,Female,180.246.31.162
674,Pip,Lago,plagoip@mashable.com,Male,243.181.51.159
675,Abbye,Billingham,abillinghamiq@t-online.de,Female,82.30.232.3
676,Regan,Haistwell,rhaistwellir@biglobe.ne.jp,Male,140.169.18.117
677,Micheil,Kornalik,mkornalikis@wsj.com,Male,187.155.217.120
678,Goldie,O'Fallone,gofalloneit@skyrock.com,Female,215.64.250.66
679,Derril,Crowdy,dcrowdyiu@nymag.com,Male,2.36.117.1
680,Paulie,Colvie,pcolvieiv@bing.com,Male,108.132.67.183
681,Colan,Kienl,ckienliw@google.com.br,Male,20.36.220.127
682,Melli,Wigfall,mwigfallix@canalblog.com,Female,189.118.209.233
683,Jervis,Boorman,jboormaniy@e-recht24.de,Male,23.36.51.181
684,Niccolo,Shephard,nshephardiz@narod.ru,Male,15.221.173.1
685,Karrah,Arpino,karpinoj0@taobao.com,Female,205.48.65.153
686,Nollie,Newport,nnewportj1@deliciousdays.com,Male,251.18.67.236
687,Erick,Scarr,escarrj2@t.co,Male,249.230.128.191
688,Janella,Paddle,jpaddlej3@deliciousdays.com,Female,42.204.101.23
689,Johnna,Flynn,jflynnj4@ifeng.com,Female,213.237.250.57
690,Russ,Foulds,rfouldsj5@virginia.edu,Male,165.135.165.237
691,Paolina,Streetley,pstreetleyj6@techcrunch.com,Female,48.205.37.208
692,Sybil,Paolacci,spaolaccij7@ezinearticles.com,Female,238.143.227.42
693,Thomas,Wardall,twardallj8@discovery.com,Male,169.50.153.156
694,Charlotta,Priddie,cpriddiej9@netvibes.com,Female,177.214.59.223
695,Sinclair,Walpole,swalpoleja@comsenz.com,Male,232.95.192.73
696,Felicity,Cossom,fcossomjb@cornell.edu,Female,6.175.79.31
697,Whitney,Giraudot,wgiraudotjc@fotki.com,Male,238.75.67.148
698,Walt,Say,wsayjd@wikia.com,Male,170.189.26.9
699,Kiersten,Moynihan,kmoynihanje@webmd.com,Female,171.158.2.57
700,Sibelle,Robertucci,srobertuccijf@dyndns.org,Female,39.197.133.125
701,Carrol,Fearnside,cfearnsidejg@sogou.com,Male,101.75.117.84
702,Minna,Pestridge,mpestridgejh@dropbox.com,Female,29.250.216.3
703,Guendolen,Allridge,gallridgeji@mapy.cz,Female,143.52.179.179
704,Cristine,Robertacci,crobertaccijj@biblegateway.com,Female,102.104.132.192
705,Land,Mc Ilory,lmciloryjk@geocities.jp,Male,202.11.1.89
706,Trista,Niset,tnisetjl@uiuc.edu,Female,224.118.202.44
707,Rhianon,Scally,rscallyjm@php.net,Female,121.252.222.83
708,Daffie,Carrigan,dcarriganjn@fc2.com,Female,94.30.36.124
709,Desiri,Danks,ddanksjo@purevolume.com,Female,173.217.161.189
710,Merle,Bonavia,mbonaviajp@yellowpages.com,Male,219.252.191.70
711,Quillan,Sewell,qsewelljq@pbs.org,Male,132.66.116.71
712,Tammie,Silver,tsilverjr@slashdot.org,Male,33.122.38.157
713,Johan,Mathely,jmathelyjs@nps.gov,Male,179.117.222.213
714,Gil,Onion,gonionjt@friendfeed.com,Male,2.180.161.150
715,Peyton,Bouda,pboudaju@prlog.org,Male,166.77.180.9
716,Borg,Doran,bdoranjv@ted.com,Male,182.180.56.122
717,Lurleen,Warham,lwarhamjw@bloomberg.com,Female,35.40.0.172
718,Andree,Baines,abainesjx@usnews.com,Female,254.198.59.63
719,Meade,Shemmans,mshemmansjy@yellowbook.com,Female,38.179.59.192
720,Clerissa,Gunning,cgunningjz@howstuffworks.com,Female,197.81.226.108
721,Gary,Martschik,gmartschikk0@is.gd,Male,93.22.35.205
722,Kyla,Casero,kcaserok1@usa.gov,Female,210.200.183.100
723,Jerome,Burthom,jburthomk2@shinystat.com,Male,240.175.231.31
724,Kimberlyn,Yo,kyok3@dot.gov,Female,93.187.72.112
725,Jenelle,McFaell,jmcfaellk4@reference.com,Female,136.165.18.150
726,Katherine,Plaice,kplaicek5@dropbox.com,Female,75.52.115.179
727,Sibilla,Pendall,spendallk6@unc.edu,Female,53.85.12.16
728,Letti,Bowes,lbowesk7@rediff.com,Female,118.32.84.22
729,Luce,Bangle,lbanglek8@vistaprint.com,Male,32.39.205.239
730,Ad,Cairney,acairneyk9@uiuc.edu,Male,250.210.53.217
731,Felice,Longo,flongoka@ted.com,Male,236.236.35.2
732,Forrester,Grevatt,fgrevattkb@businessinsider.com,Male,59.109.240.207
733,Cord,Absolon,cabsolonkc@netscape.com,Male,65.240.164.74
734,Gabriele,Lafford,glaffordkd@shareasale.com,Male,104.169.80.51
735,Joanie,Flecknoe,jflecknoeke@ask.com,Female,58.126.206.175
736,Jeff,Lever,jleverkf@youku.com,Male,19.181.52.22
737,Christopher,Karpets,ckarpetskg@skype.com,Male,74.134.126.90
738,Anastasia,Skitterel,askitterelkh@telegraph.co.uk,Female,208.163.190.249
739,Friedrich,Crosscombe,fcrosscombeki@wisc.edu,Male,106.109.71.9
740,Yettie,Trouncer,ytrouncerkj@slashdot.org,Female,69.253.152.43
741,Lucita,Rouf,lroufkk@booking.com,Female,187.248.103.47
742,Elmo,Elsby,eelsbykl@dropbox.com,Male,249.2.60.194
743,Melinda,Caslake,mcaslakekm@amazon.de,Female,97.121.119.52
744,Nixie,Eastam,neastamkn@discuz.net,Female,185.136.9.11
745,Halley,Pocke,hpockeko@microsoft.com,Female,142.144.185.18
746,Brittni,Secker,bseckerkp@yolasite.com,Female,220.161.84.149
747,Hal,Spritt,hsprittkq@rambler.ru,Male,85.182.142.172
748,Ellie,Astle,eastlekr@yahoo.com,Female,105.91.227.45
749,Ingmar,Abramamovh,iabramamovhks@twitter.com,Male,92.255.4.195
750,Janetta,Colbran,jcolbrankt@pen.io,Female,57.137.131.162
751,Gerianna,Beardshaw,gbeardshawku@4shared.com,Female,169.232.192.139
752,Giuditta,Ellett,gellettkv@jiathis.com,Female,143.79.18.164
753,Corrie,Goodwell,cgoodwellkw@eepurl.com,Female,67.194.230.60
754,Shanon,Billison,sbillisonkx@yahoo.com,Female,70.236.84.52
755,Marnie,Gorce,mgorceky@opensource.org,Female,138.50.60.1
756,Pennie,Folan,pfolankz@omniture.com,Male,109.50.62.200
757,Renard,Ekell,rekelll0@ifeng.com,Male,97.100.145.104
758,Natividad,Cayser,ncayserl1@cdbaby.com,Female,15.92.142.52
759,Andeee,Lording,alordingl2@artisteer.com,Female,187.180.124.12
760,Ely,Autin,eautinl3@irs.gov,Male,247.251.55.248
761,Grannie,Lente,glentel4@quantcast.com,Male,119.248.8.226
762,Sawyere,Ollerhad,sollerhadl5@webmd.com,Male,179.193.14.171
763,Alethea,Aviss,aavissl6@wikia.com,Female,148.171.67.21
764,Ardisj,MacAndreis,amacandreisl7@topsy.com,Female,36.243.34.240
765,Cheston,Slidders,csliddersl8@jimdo.com,Male,78.237.217.142
766,Colas,McCrae,cmccrael9@istockphoto.com,Male,161.224.98.101
767,Tally,Saltmarshe,tsaltmarshela@rambler.ru,Male,183.30.32.59
768,Samuel,Gurge,sgurgelb@chronoengine.com,Male,233.157.28.189
769,Igor,Culkin,iculkinlc@angelfire.com,Male,68.175.48.162
770,Natassia,Steely,nsteelyld@ning.com,Female,46.129.31.100
771,Nadia,Klampk,nklampkle@unicef.org,Female,165.103.211.82
772,Enos,Reide,ereidelf@jiathis.com,Male,156.48.97.237
773,Ericha,Redler,eredlerlg@liveinternet.ru,Female,133.222.245.208
774,Jesselyn,Stepney,jstepneylh@sciencedirect.com,Female,80.254.161.228
775,Rufe,Isgar,risgarli@auda.org.au,Male,236.182.22.13
776,Amalie,Jinda,ajindalj@xinhuanet.com,Female,167.155.73.76
777,Jens,De Metz,jdemetzlk@dagondesign.com,Male,22.203.243.210
778,Farrah,Bootes,fbootesll@opera.com,Female,124.148.114.245
779,Cloe,Carbery,ccarberylm@shareasale.com,Female,52.124.86.9
780,Kyle,Woodeson,kwoodesonln@archive.org,Female,17.12.25.31
781,Leodora,Sinnie,lsinnielo@newyorker.com,Female,59.1.41.166
782,Benedikt,Chatenet,bchatenetlp@nsw.gov.au,Male,255.167.9.25
783,Hobard,Reary,hrearylq@biglobe.ne.jp,Male,217.119.176.161
784,Rozina,Alonso,ralonsolr@mlb.com,Female,8.84.21.180
785,Jordana,Soot,jsootls@go.com,Female,136.76.65.150
786,Faye,Dickin,fdickinlt@weebly.com,Female,224.116.126.81
787,Alistair,Veel,aveellu@senate.gov,Male,46.95.127.137
788,Berkeley,Tunnow,btunnowlv@dedecms.com,Male,162.11.173.212
789,Davina,Scholz,dscholzlw@answers.com,Female,139.215.37.42
790,Esdras,Fitzer,efitzerlx@technorati.com,Male,213.55.190.239
791,Engracia,McWhinnie,emcwhinniely@answers.com,Female,224.197.114.117
792,Ula,Lancashire,ulancashirelz@omniture.com,Female,68.220.37.135
793,Irvine,Deere,ideerem0@google.ru,Male,82.240.92.41
794,Arielle,Ravenshear,aravenshearm1@baidu.com,Female,156.199.18.83
795,Wallache,Gillford,wgillfordm2@buzzfeed.com,Male,156.252.123.240
796,Joel,Ughelli,jughellim3@t.co,Male,69.85.161.170
797,Robbert,Bewlay,rbewlaym4@plala.or.jp,Male,123.123.229.92
798,Winny,Crockatt,wcrockattm5@comsenz.com,Male,168.103.195.12
799,Pincus,Corneille,pcorneillem6@craigslist.org,Male,142.198.212.126
800,Lindy,Goning,lgoningm7@cam.ac.uk,Female,74.41.7.171
801,Nanci,Kirsop,nkirsopm8@aboutads.info,Female,89.37.217.63
802,Sutton,Lewington,slewingtonm9@washingtonpost.com,Male,184.58.123.48
803,Darrel,Trumble,dtrumblema@skyrock.com,Male,82.22.138.28
804,Aigneis,Anster,aanstermb@simplemachines.org,Female,40.22.134.209
805,Hervey,Godman,hgodmanmc@tripadvisor.com,Male,11.84.109.195
806,Cross,Simonelli,csimonellimd@sourceforge.net,Male,124.248.36.180
807,Geno,Burling,gburlingme@alibaba.com,Male,11.251.251.234
808,Fletcher,Cuss,fcussmf@fema.gov,Male,18.42.219.255
809,Giffer,Yesipov,gyesipovmg@bbb.org,Male,18.51.41.158
810,Lucinda,Heningam,lheningammh@pinterest.com,Female,215.204.184.140
811,Karlis,Pelman,kpelmanmi@drupal.org,Male,171.47.100.59
812,Gil,Flavelle,gflavellemj@un.org,Male,151.227.182.50
813,Win,Kenningham,wkenninghammk@chron.com,Male,125.117.48.86
814,Francoise,Tanswell,ftanswellml@pinterest.com,Female,34.49.0.252
815,Danya,Joska,djoskamm@zimbio.com,Male,236.64.221.47
816,Dell,Shotton,dshottonmn@spiegel.de,Female,242.21.83.160
817,Friedrich,Krale,fkralemo@stumbleupon.com,Male,47.110.132.224
818,Eli,Patemore,epatemoremp@fema.gov,Male,203.129.2.144
819,Guntar,Sallter,gsalltermq@vk.com,Male,191.78.188.135
820,Joeann,Bather,jbathermr@paypal.com,Female,15.149.42.35
821,Patton,Featenby,pfeatenbyms@wiley.com,Male,200.237.159.68
822,Adrien,D'Oyley,adoyleymt@cocolog-nifty.com,Male,252.233.137.183
823,Evania,Arniz,earnizmu@blogspot.com,Female,180.138.229.228
824,Ardine,Dalgarnowch,adalgarnowchmv@moonfruit.com,Female,202.199.134.217
825,Efren,Di Baudi,edibaudimw@barnesandnoble.com,Male,41.196.253.65
826,Mandi,Parvin,mparvinmx@umich.edu,Female,152.218.223.223
827,Thomas,Trusty,ttrustymy@theguardian.com,Male,240.2.2.40
828,Kendricks,Scammell,kscammellmz@google.co.uk,Male,203.58.141.33
829,Ann,Tuckley,atuckleyn0@about.com,Female,71.213.34.143
830,Filide,Durtnel,fdurtneln1@opera.com,Female,191.40.199.117
831,Dael,Pantridge,dpantridgen2@timesonline.co.uk,Male,230.173.122.2
832,Selina,Banville,sbanvillen3@ehow.com,Female,218.12.251.198
833,Dan,Semmens,dsemmensn4@simplemachines.org,Male,43.114.66.55
834,Florette,Sighard,fsighardn5@friendfeed.com,Female,14.122.123.128
835,Vikki,Tumbelty,vtumbeltyn6@storify.com,Female,138.100.145.90
836,Lindsay,Gillinghams,lgillinghamsn7@wufoo.com,Female,115.128.33.7
837,Heriberto,Nadin,hnadinn8@mlb.com,Male,198.155.38.0
838,Faina,Partlett,fpartlettn9@zimbio.com,Female,182.233.10.69
839,Byram,Sandcroft,bsandcroftna@washingtonpost.com,Male,214.195.20.70
840,Christiane,Bothe,cbothenb@mapy.cz,Female,203.14.87.2
841,Colin,Van den Velden,cvandenveldennc@virginia.edu,Male,151.77.8.156
842,Mahala,Mixture,mmixturend@yahoo.co.jp,Female,120.184.84.125
843,Sheri,Slocombe,sslocombene@cbc.ca,Female,235.56.251.214
844,Tyson,Nussii,tnussiinf@nsw.gov.au,Male,212.226.222.147
845,Cordelia,O'Fihillie,cofihillieng@spotify.com,Female,79.152.76.44
846,Ellsworth,Wynrahame,ewynrahamenh@spiegel.de,Male,27.129.143.59
847,Ericha,Hollingshead,ehollingsheadni@altervista.org,Female,193.164.70.50
848,Letizia,Facher,lfachernj@noaa.gov,Female,77.7.77.192
849,Burk,Pullen,bpullennk@bandcamp.com,Male,232.32.73.217
850,Horacio,Denyagin,hdenyaginnl@bbb.org,Male,250.125.222.141
851,Donalt,Bever,dbevernm@tinypic.com,Male,76.113.16.210
852,Kirsteni,Alwell,kalwellnn@illinois.edu,Female,129.151.117.29
853,Abbie,Barney,abarneyno@fc2.com,Male,248.213.242.8
854,Gayle,Huckel,ghuckelnp@printfriendly.com,Male,169.155.18.25
855,Elisabeth,Linck,elincknq@skyrock.com,Female,191.100.109.133
856,Morly,Ropp,mroppnr@xrea.com,Male,250.238.70.42
857,Serge,Cronin,scroninns@biblegateway.com,Male,153.182.143.109
858,Sile,Ingree,singreent@wikispaces.com,Female,92.69.176.5
859,Ruddy,Warsap,rwarsapnu@huffingtonpost.com,Male,77.91.81.42
860,Judie,Celler,jcellernv@sourceforge.net,Female,159.157.144.239
861,Terri,Hansard,thansardnw@umich.edu,Female,4.161.122.112
862,Selestina,Unwin,sunwinnx@bloglines.com,Female,121.164.232.177
863,Adrianne,Fallis,afallisny@mysql.com,Female,185.199.56.152
864,Ax,Guthrum,aguthrumnz@storify.com,Male,253.122.141.201
865,Dyan,Tutt,dtutto0@cafepress.com,Female,104.144.27.71
866,Conchita,Leverette,cleveretteo1@forbes.com,Female,137.172.215.129
867,Isaac,Luscombe,iluscombeo2@domainmarket.com,Male,33.70.241.127
868,Onida,Opfer,oopfero3@godaddy.com,Female,151.136.12.83
869,Codee,Leggott,cleggotto4@ameblo.jp,Female,43.204.199.42
870,Velma,Eyeington,veyeingtono5@godaddy.com,Female,254.54.136.237
871,Corina,Pavlik,cpavliko6@hhs.gov,Female,130.65.75.148
872,Brendis,Stanlike,bstanlikeo7@webeden.co.uk,Male,249.182.195.236
873,Mirella,Friese,mfrieseo8@furl.net,Female,113.250.56.13
874,Austine,Eliot,aelioto9@ebay.co.uk,Female,40.3.64.3
875,Merrilee,Cornuau,mcornuauoa@techcrunch.com,Female,115.52.148.155
876,Norean,Dickon,ndickonob@pagesperso-orange.fr,Female,49.174.59.186
877,Glenn,Adamthwaite,gadamthwaiteoc@yahoo.co.jp,Female,35.108.37.54
878,Web,Balling,wballingod@boston.com,Male,57.141.209.154
879,Godart,Fawcitt,gfawcittoe@yandex.ru,Male,1.246.182.104
880,Bari,Hencke,bhenckeof@accuweather.com,Female,143.226.96.135
881,Meaghan,Mayer,mmayerog@mayoclinic.com,Female,94.60.85.89
882,Rudie,Cuchey,rcucheyoh@lulu.com,Male,255.236.23.254
883,Ingelbert,Message,imessageoi@google.nl,Male,41.120.63.147
884,Steffane,Chate,schateoj@vkontakte.ru,Female,200.122.62.66
885,Melodee,Salvadore,msalvadoreok@mozilla.com,Female,211.1.114.22
886,Veronica,Malham,vmalhamol@unicef.org,Female,154.19.192.96
887,Nestor,Beckley,nbeckleyom@unblog.fr,Male,232.118.28.147
888,Ring,O'Fallon,rofallonon@tumblr.com,Male,52.29.161.52
889,Neils,Dahlberg,ndahlbergoo@privacy.gov.au,Male,169.99.171.50
890,Alikee,Hebburn,ahebburnop@github.io,Female,83.240.214.100
891,Scot,Ronchetti,sronchettioq@lulu.com,Male,133.152.201.249
892,Abeu,Goulborn,agoulbornor@amazon.com,Male,102.190.28.67
893,Oralle,Piddle,opiddleos@pen.io,Female,183.241.60.251
894,Laureen,McSperrin,lmcsperrinot@hostgator.com,Female,154.178.54.27
895,Meris,Fassum,mfassumou@moonfruit.com,Female,106.23.6.227
896,Vanya,Bursnell,vbursnellov@technorati.com,Male,233.92.156.78
897,Monica,Layne,mlayneow@over-blog.com,Female,85.83.167.71
898,Zahara,Worlock,zworlockox@unblog.fr,Female,241.34.202.22
899,Emili,Mereweather,emereweatheroy@google.co.uk,Female,80.38.18.255
900,Martino,Tellenbrok,mtellenbrokoz@cafepress.com,Male,133.69.126.135
901,Martie,Standfield,mstandfieldp0@bbb.org,Female,248.144.223.132
902,Ofelia,Ellse,oellsep1@cmu.edu,Female,205.178.76.36
903,Clint,Wernham,cwernhamp2@vinaora.com,Male,131.217.191.86
904,Hephzibah,Mazillius,hmazilliusp3@amazonaws.com,Female,199.128.96.243
905,Mel,Faldoe,mfaldoep4@twitter.com,Female,249.31.170.2
906,Nichols,Ugolotti,nugolottip5@theguardian.com,Male,55.190.207.70
907,Christoforo,Arunowicz,carunowiczp6@github.com,Male,183.126.187.72
908,Shelden,Petrichat,spetrichatp7@eepurl.com,Male,62.98.236.219
909,Cherice,Penson,cpensonp8@bbb.org,Female,48.160.48.80
910,Remus,Foskin,rfoskinp9@liveinternet.ru,Male,115.62.95.193
911,Morena,Tschirschky,mtschirschkypa@google.fr,Female,194.3.230.169
912,Georgianna,Tolossi,gtolossipb@google.co.jp,Female,50.89.65.251
913,Jeremy,Pavlovsky,jpavlovskypc@irs.gov,Male,61.202.46.12
914,Lyda,Holehouse,lholehousepd@dot.gov,Female,229.219.104.35
915,Candace,De Roeck,cderoeckpe@vkontakte.ru,Female,89.77.13.105
916,Dory,Bridgnell,dbridgnellpf@t.co,Male,98.23.114.101
917,Thorndike,Oddy,toddypg@ca.gov,Male,150.31.20.103
918,Chandra,Paladino,cpaladinoph@sfgate.com,Female,222.153.29.213
919,Caralie,Raoux,craouxpi@gravatar.com,Female,252.108.181.8
920,Olva,Davis,odavispj@youku.com,Female,37.238.208.38
921,Kendricks,McKimmie,kmckimmiepk@alexa.com,Male,210.100.151.97
922,Karoly,Furminger,kfurmingerpl@cloudflare.com,Male,121.108.95.151
923,Adorne,Saltmarshe,asaltmarshepm@epa.gov,Female,252.152.227.191
924,Lucais,Digance,ldigancepn@goodreads.com,Male,203.52.1.90
925,Gibbie,Eglaise,geglaisepo@parallels.com,Male,118.61.215.116
926,West,Legan,wleganpp@ft.com,Male,185.230.179.46
927,Cathryn,Moriarty,cmoriartypq@trellian.com,Female,129.104.77.244
928,Tadeo,Devenny,tdevennypr@forbes.com,Male,194.132.158.188
929,Valentina,Reynoollds,vreynoolldsps@ow.ly,Female,100.129.151.5
930,Darin,Feldman,dfeldmanpt@qq.com,Male,133.149.129.114
931,Brok,Fairburn,bfairburnpu@studiopress.com,Male,172.127.128.229
932,Averill,Haffenden,ahaffendenpv@smh.com.au,Male,168.2.7.185
933,Rosemary,Curtayne,rcurtaynepw@flavors.me,Female,4.104.133.86
934,Feliza,Blose,fblosepx@lycos.com,Female,241.246.220.186
935,Missie,Hubbuck,mhubbuckpy@ezinearticles.com,Female,82.82.36.23
936,Fitzgerald,Yurchenko,fyurchenkopz@vinaora.com,Male,175.242.110.145
937,Chrotoem,Castells,ccastellsq0@virginia.edu,Male,242.252.254.231
938,Demetre,Clackson,dclacksonq1@free.fr,Male,112.249.14.46
939,Keriann,Stooders,kstoodersq2@wix.com,Female,19.44.177.130
940,Hamnet,Ruffli,hruffliq3@behance.net,Male,145.245.165.197
941,Antone,Draco,adracoq4@whitehouse.gov,Male,244.90.217.6
942,Bonnie,Rudeyeard,brudeyeardq5@ucoz.com,Female,144.4.245.142
943,Reuben,Gentle,rgentleq6@ted.com,Male,116.62.42.97
944,Yelena,Beckley,ybeckleyq7@soundcloud.com,Female,248.140.102.137
945,Giacopo,Dumbare,gdumbareq8@independent.co.uk,Male,237.86.124.11
946,Brent,Carff,bcarffq9@t.co,Male,139.187.89.57
947,Krishna,Hounsome,khounsomeqa@is.gd,Male,23.43.187.108
948,Luke,Lomaz,llomazqb@t.co,Male,185.28.234.185
949,Obadiah,Grimbleby,ogrimblebyqc@qq.com,Male,51.87.131.44
950,Roi,Plowright,rplowrightqd@mapquest.com,Male,9.212.71.88
951,Oralie,Hutcheon,ohutcheonqe@sourceforge.net,Female,22.177.189.174
952,Janek,Elgar,jelgarqf@livejournal.com,Male,221.111.210.225
953,Felisha,Gierth,fgierthqg@booking.com,Female,141.221.170.107
954,Cass,Kira,ckiraqh@yahoo.com,Female,115.152.124.239
955,Pietro,Oneal,ponealqi@google.com.hk,Male,164.28.191.231
956,Pennie,Janaud,pjanaudqj@wikimedia.org,Male,192.139.138.119
957,Melesa,Bantham,mbanthamqk@ucoz.ru,Female,2.122.137.246
958,Guy,Ell,gellql@miitbeian.gov.cn,Male,220.72.231.146
959,Eb,Abrahamsohn,eabrahamsohnqm@ft.com,Male,110.217.111.16
960,Torey,Cheal,tchealqn@prnewswire.com,Male,173.126.194.112
961,Jackie,Roch,jrochqo@irs.gov,Male,72.39.40.143
962,Toinette,Skipping,tskippingqp@dmoz.org,Female,182.115.51.134
963,Salomo,Surman-Wells,ssurmanwellsqq@google.co.jp,Male,38.183.72.135
964,Monro,Duigenan,mduigenanqr@mashable.com,Male,45.139.135.203
965,Tabbie,Shuttleworth,tshuttleworthqs@va.gov,Female,112.163.45.168
966,Gennifer,Gaytor,ggaytorqt@washington.edu,Female,79.226.108.140
967,Philippine,Kovnot,pkovnotqu@myspace.com,Female,48.68.225.57
968,Marian,Audry,maudryqv@google.fr,Female,239.236.246.42
969,Nani,Getsham,ngetshamqw@alibaba.com,Female,223.214.121.203
970,Brooke,Patrie,bpatrieqx@upenn.edu,Female,73.207.81.2
971,Bat,Meeron,bmeeronqy@sciencedaily.com,Male,14.251.239.220
972,Selie,Cruickshank,scruickshankqz@java.com,Female,217.69.208.75
973,Andree,Baston,abastonr0@geocities.jp,Female,177.36.72.108
974,Lela,Adderley,ladderleyr1@mayoclinic.com,Female,199.217.144.29
975,Elly,Titchard,etitchardr2@furl.net,Female,57.75.120.228
976,Tilda,Van Der Walt,tvanderwaltr3@nsw.gov.au,Female,66.229.3.234
977,Justin,McMichell,jmcmichellr4@vkontakte.ru,Male,154.55.188.137
978,Lindy,Dickey,ldickeyr5@cbsnews.com,Male,77.4.57.216
979,Hermann,Hargey,hhargeyr6@mapquest.com,Male,206.69.122.64
980,Elenore,Castiblanco,ecastiblancor7@privacy.gov.au,Female,63.22.200.68
981,Sharia,Tomicki,stomickir8@github.io,Female,193.229.72.45
982,Evvie,Danielian,edanielianr9@ted.com,Female,63.15.194.83
983,Ranna,Fritchly,rfritchlyra@nymag.com,Female,224.92.108.179
984,Wyn,Romayn,wromaynrb@illinois.edu,Male,237.227.250.213
985,Yule,Beattie,ybeattierc@vimeo.com,Male,188.110.128.90
986,Robinet,Towsey,rtowseyrd@360.cn,Male,103.180.64.185
987,Carlo,Dewing,cdewingre@amazon.co.jp,Male,245.239.89.214
988,Rockie,Johananoff,rjohananoffrf@bloglovin.com,Male,253.240.217.197
989,Malorie,Jarrell,mjarrellrg@networkadvertising.org,Female,243.112.64.51
990,Tad,Grayshon,tgrayshonrh@booking.com,Male,19.96.183.24
991,Cindee,Farnes,cfarnesri@nasa.gov,Female,31.130.85.62
992,Beltran,Glynn,bglynnrj@studiopress.com,Male,7.40.183.26
993,Lief,Joynt,ljoyntrk@gravatar.com,Male,59.92.116.74
994,Anya,McMennum,amcmennumrl@dell.com,Female,184.154.208.192
995,Estevan,Booy,ebooyrm@meetup.com,Male,131.130.6.38
996,Ellene,Mutlow,emutlowrn@wisc.edu,Female,147.129.255.72
997,Gisele,Ralphs,gralphsro@nifty.com,Female,13.154.33.99
998,Eden,Kulis,ekulisrp@skyrock.com,Female,7.154.38.11
999,Vonny,McKinney,vmckinneyrq@bbb.org,Female,18.4.255.70
1000,Fredelia,Chesterfield,fchesterfieldrr@typepad.com,Female,194.128.213.10
